Workbook

Sheet 不適合分析
B2: Non-conformanceAnalysisReport/不適合分析報告書
B4: 1.Project information/プロジェクト情報
B6: Customer | D6: ｘｘｘｘ
B7: Project | D7: ｘｘｘｘ
B8: Product code | D8: ｘｘｘｘ
B11: 2.Audit implementation status results/監査実施状況結果
B13: 【Work product audit implementation status/作業成果物監査実施状況】
C14: ○Planned implementation/実施予定 | F14: ●Implemented/実施済 | H14: ×Not implemented/実施なし | K14: ‐No plan/予定なし | M14: △:Cancel/中止
B15: Version | D15: Function implementation completed/機能実装完了 | F15: Final release/最終リリース
B16: =グラフ用!B16 -> XXX
B17: =グラフ用!B17 -> XXX
B18: =グラフ用!B18 -> XXX
B19: =グラフ用!B19 -> XXX
B20: =グラフ用!B20 -> XXX
B21: =グラフ用!B21 -> XXX
B23: 【Process audit implementation status/プロセス監査実施状況】
C24: ○Planned implementation/実施予定 | F24: ●Implemented/実施済 | H24: ×Not implemented/実施なし | K24: ‐No plan/予定なし | M24: △:Cancel/中止
B25: Version | D25: Function implementation completed/機能実装完了 | F25: Final release/最終リリース
B26: =グラフ用!B16 -> XXX
B27: =グラフ用!B17 -> XXX
B28: =グラフ用!B18 -> XXX
B29: =グラフ用!B19 -> XXX
B30: =グラフ用!B20 -> XXX
B31: =グラフ用!B21 -> XXX
B34: 3.Non-conformance analysis results/不適合分析結果
B36: 【Total number of non-conformities/不適合総件数】
B58: 【Total number of non-conformities Analysis results/不適合総件数 分析結果】
B64: 【Number of non-conformance launches/processing cases/不適合打上/処理件数】
B86: 【Non-conformance launches/Number of processed cases Analysis results/不適合打上/処理件数 分析結果】
B92: 【成果物監査の不適合件数】
B114: 【Number of non-conformance in work product audit Analysis results/成果物監査の不適合件数 分析結果】
B121: 【Number of process audit nonconformance/プロセス監査の不適合件数】
B143: 【Number of process audit nonconformance Analysis results/プロセス監査の不適合件数 分析結果】

Sheet グラフ用
B2: 【 不適合総件数】
B3: 是正・予防 | C3: 総件数 | F3: 成果物監査不適合件数 | I3: プロセス監査不適合件数
B4: Rank | C4: Total | D4: Open | E4: Close | F4: Open | G4: Close | H4: 是正/予防不要 | I4: Open | J4: Close | K4: 是正/予防不要
B5: Urgent | C5: =SUM(D5+E5) -> 0 | D5: =SUM(F5+I5) -> 0 | E5: =SUM(G5+J5+H5+K5) -> 0
B6: High | C6: =SUM(D6+E6) -> 0 | D6: =SUM(F6+I6) -> 0 | E6: =SUM(G6+J6+H6+K6) -> 0
B7: Nomal | C7: =SUM(D7+E7) -> 0 | D7: =SUM(F7+I7) -> 0 | E7: =SUM(G7+J7+H7+K7) -> 0
B8: Low | C8: =SUM(D8+E8) -> 0 | D8: =SUM(F8+I8) -> 0 | E8: =SUM(G8+J8+H8+K8) -> 0
B9: 累計 | C9: =SUM(C5:C8) -> 0 | D9: =SUM(D5:D8) -> 0 | E9: =SUM(E5:E8) -> 0 | F9: =SUM(F5:F8) -> 0 | G9: =SUM(G5:G8) -> 0 | H9: =SUM(H5:H8) -> 0 | I9: =SUM(I5:I8) -> 0 | J9: =SUM(J5:J8) -> 0 | K9: =SUM(K5:K8) -> 0
B13: 【不適合打上/処理件数】 | J13: 【成果物監査の不適合件数】
B14: Ver毎不適合件数 | C14: 不適合件数 | J14: 成果物監査 | K14: 不適合件数
B15: Version | C15: Open件数 | D15: Close件数 | E15: 打上件数 | F15: 累計打上件数 | G15: 累計Close件数 | J15: Version | K15: 機能実装完了 | M15: 最終リリース
B16: XXX | E16: =SUM(C16:D16) -> 0 | F16: =E16 -> 0 | G16: =D16 -> 0 | J16: =B16 -> XXX
B17: XXX | E17: =SUM(C17:D17) -> 0 | F17: =SUM(F16+E17) -> 0 | G17: =SUM(G16+D17) -> 0 | J17: =B17 -> XXX
B18: XXX | E18: =SUM(C18:D18) -> 0 | F18: =SUM(F17+E18) -> 0 | G18: =SUM(G17+D18) -> 0 | J18: =B18 -> XXX
B19: XXX | E19: =SUM(C19:D19) -> 0 | F19: =SUM(F18+E19) -> 0 | G19: =SUM(G18+D19) -> 0 | J19: =B19 -> XXX
B20: XXX | E20: =SUM(C20:D20) -> 0 | F20: =SUM(F19+E20) -> 0 | G20: =SUM(G19+D20) -> 0 | J20: =B20 -> XXX
B21: XXX | E21: =SUM(C21:D21) -> 0 | F21: =SUM(F20+E21) -> 0 | G21: =SUM(G20+D21) -> 0 | J21: =B21 -> XXX
B22: XXX | E22: =SUM(C22:D22) -> 0 | F22: =SUM(F21+E22) -> 0 | G22: =SUM(G21+D22) -> 0 | J22: =B22 -> XXX
B23: XXX | E23: =SUM(C23:D23) -> 0 | F23: =SUM(F22+E23) -> 0 | G23: =SUM(G22+D23) -> 0 | J23: =B23 -> XXX
B24: XXX | E24: =SUM(C24:D24) -> 0 | F24: =SUM(F23+E24) -> 0 | G24: =SUM(G23+D24) -> 0 | J24: =B24 -> XXX
B25: XXX | E25: =SUM(C25:D25) -> 0 | F25: =SUM(F24+E25) -> 0 | G25: =SUM(G24+D25) -> 0 | J25: =B25 -> XXX
B28: 【プロセス監査の不適合件数】
B29: プロセス監査 | C29: 不適合件数
B30: プロセス | C30: =B16 -> XXX | D30: =B17 -> XXX | E30: =B18 -> XXX | F30: =B19 -> XXX | G30: =B20 -> XXX | H30: =B21 -> XXX | I30: =B22 -> XXX | J30: =B23 -> XXX | K30: =B24 -> XXX | L30: =B25 -> XXX
B31: ACQ.4
B32: SPL.1
B33: SPL.2
B34: SYS.1
B35: SYS.2
B36: SYS.3
B37: SYS.4
B38: SYS.5
B39: SWE.1
B40: SWE.2
B41: SWE.3
B42: SWE.4
... B52: REU.2
B53: Version毎の件数 | C53: =SUM(C31:C52) -> 0 | D53: =SUM(D31:D52) -> 0 | E53: =SUM(E31:E52) -> 0 | F53: =SUM(F31:F52) -> 0 | G53: =SUM(G31:G52) -> 0 | H53: =SUM(H31:H52) -> 0 | I53: =SUM(I31:I52) -> 0 | J53: =SUM(J31:J52) -> 0 | ... L53: =SUM(L31:L52) -> 0
B54: 総件数 | C54: =SUM(C53) -> 0 | D54: =SUM(D53+C54) -> 0 | E54: =SUM(E53+D54) -> 0 | F54: =SUM(F53+E54) -> 0 | G54: =SUM(G53+F54) -> 0 | H54: =SUM(H53+G54) -> 0 | I54: =SUM(I53+H54) -> 0 | J54: =SUM(J53+I54) -> 0 | K54: =SUM(K53+J54) -> 0 | L54: =SUM(L53+K54) -> 0
